"item","morning","noon","evening","F-value","p","sig."
"MDS-UPDRS part III","37.9 ± 14.04","37 ± 14.06","38.4 ± 14.83",1.20777787993011,0.30434796723558,"ns"
"ISA motor score (LID related)","1.33 ± 1.71","1.53 ± 2.78","1.03 ± 1.71",0.916805324459234,0.383930875569128,"ns"
"ISA motor score (OFF related)","1.2 ± 1.63","1.1 ± 1.67","1.2 ± 1.3",0.0765171503957787,0.922864258327069,"ns"
"Door Opening Task, Clicks","43.06 ± 24.61","46.14 ± 25.09","41.44 ± 24.02",0.46436647505686,0.615559252580057,"ns"
"Door Opening Task, Latency","888.16 ± 851.12","713.77 ± 625.94","670.46 ± 358.96",2.77453413342395,0.088560890901961,"ns"
"Visual Analog Scale for Discomfort","1.1 ± 1.86","0.6 ± 1.38","0.67 ± 1.18",1.35120580660267,0.266670741556986,"ns"
